,reagent_SMILES_index,solvent_SMILES_index,catalyst_one_SMILES_index,solvent_conc_index,temperature_index,yield
150,O=C([O-])C.[Cs+],CC(N(C)C)=O,P(C1=CC=CC=C1)(C2CCCCC2)C3=CC=CC=C3,98.039215,120,<Enter Response>
168,O=C([O-])C.[Cs+],CCCC#N,P(C1=CC=CC=C1)(C2CCCCC2)C3=CC=CC=C3,98.039215,120,<Enter Response>
80,O=C([O-])C(C)(C)C.[K+],CC(N(C)C)=O,P(C1=CC=CC=C1)(C2CCCCC2)C3=CC=CC=C3,98.039215,90,<Enter Response>
186,O=C([O-])C.[Cs+],CCCCOC(C)=O,P(C1=CC=CC=C1)(C2CCCCC2)C3=CC=CC=C3,98.039215,120,<Enter Response>
26,O=C([O-])C.[K+],CCCC#N,P(C1=CC=CC=C1)(C2CCCCC2)C3=CC=CC=C3,98.039215,90,<Enter Response>
206,O=C([O-])C.[Cs+],CC1=CC=C(C)C=C1,P(C1=CC=CC=C1)(C2CCCCC2)C3=CC=CC=C3,98.039215,90,<Enter Response>
114,O=C([O-])C(C)(C)C.[K+],CCCCOC(C)=O,P(C1=CC=CC=C1)(C2CCCCC2)C3=CC=CC=C3,98.039215,120,<Enter Response>
