,reagent_SMILES_index,solvent_SMILES_index,catalyst_one_SMILES_index,solvent_conc_index,temperature_index,yield
147,O=C([O-])C.[Cs+],CC(N(C)C)=O,P(C1=CC=CC=C1)(C2CCCCC2)C3=CC=CC=C3,150.0,120,<Enter Response>
222,O=C([O-])C(C)(C)C.[Cs+],CC(N(C)C)=O,P(C1=CC=CC=C1)(C2CCCCC2)C3=CC=CC=C3,98.039215,120,<Enter Response>
144,O=C([O-])C.[Cs+],CC(N(C)C)=O,P(C1=CC=CC=C1)(C2CCCCC2)C3=CC=CC=C3,263.1579,120,<Enter Response>
216,O=C([O-])C(C)(C)C.[Cs+],CC(N(C)C)=O,P(C1=CC=CC=C1)(C2CCCCC2)C3=CC=CC=C3,263.1579,120,<Enter Response>
240,O=C([O-])C(C)(C)C.[Cs+],CCCC#N,P(C1=CC=CC=C1)(C2CCCCC2)C3=CC=CC=C3,98.039215,120,<Enter Response>
162,O=C([O-])C.[Cs+],CCCC#N,P(C1=CC=CC=C1)(C2CCCCC2)C3=CC=CC=C3,263.1579,120,<Enter Response>
219,O=C([O-])C(C)(C)C.[Cs+],CC(N(C)C)=O,P(C1=CC=CC=C1)(C2CCCCC2)C3=CC=CC=C3,150.0,120,<Enter Response>
