,reagent_SMILES_index,solvent_SMILES_index,catalyst_one_SMILES_index,solvent_conc_index,temperature_index,yield
195,O=C([O-])C.[Cs+],CCCCOC(C)=O,C1(P(C2CCCCC2)C3CCCCC3)=CC=CC=C1C4=CC=CC=C4,98.039215,120,<Enter Response>
63,O=C([O-])C.[K+],CC1=CC=C(C)C=C1,C1(P(C2CCCCC2)C3CCCCC3)=CC=CC=C1C4=CC=CC=C4,263.1579,120,<Enter Response>
138,O=C([O-])C(C)(C)C.[K+],CC1=CC=C(C)C=C1,C1(P(C2CCCCC2)C3CCCCC3)=CC=CC=C1C4=CC=CC=C4,150.0,120,<Enter Response>
158,O=C([O-])C.[Cs+],CC(N(C)C)=O,C1(P(C2CCCCC2)C3CCCCC3)=CC=CC=C1C4=CC=CC=C4,150.0,90,<Enter Response>
106,O=C([O-])C(C)(C)C.[K+],CCCC#N,C1(P(C2CCCCC2)C3CCCCC3)=CC=CC=C1C4=CC=CC=C4,98.039215,105,<Enter Response>
249,O=C([O-])C(C)(C)C.[Cs+],CCCC#N,C1(P(C2CCCCC2)C3CCCCC3)=CC=CC=C1C4=CC=CC=C4,98.039215,120,<Enter Response>
55,O=C([O-])C.[K+],CC1=CC=C(C)C=C1,P(C1=CC=CC=C1)(C2CCCCC2)C3=CC=CC=C3,263.1579,105,<Enter Response>
