,reagent_SMILES_index,solvent_SMILES_index,catalyst_one_SMILES_index,solvent_conc_index,temperature_index,yield
205,O=C([O-])C.[Cs+],CC1=CC=C(C)C=C1,P(C1=CC=CC=C1)(C2CCCCC2)C3=CC=CC=C3,98.039215,105,<Enter Response>
60,O=C([O-])C.[K+],CC1=CC=C(C)C=C1,P(C1=CC=CC=C1)(C2CCCCC2)C3=CC=CC=C3,98.039215,120,<Enter Response>
132,O=C([O-])C(C)(C)C.[K+],CC1=CC=C(C)C=C1,P(C1=CC=CC=C1)(C2CCCCC2)C3=CC=CC=C3,98.039215,120,<Enter Response>
73,O=C([O-])C(C)(C)C.[K+],CC(N(C)C)=O,P(C1=CC=CC=C1)(C2CCCCC2)C3=CC=CC=C3,263.1579,105,<Enter Response>
204,O=C([O-])C.[Cs+],CC1=CC=C(C)C=C1,P(C1=CC=CC=C1)(C2CCCCC2)C3=CC=CC=C3,98.039215,120,<Enter Response>
94,O=C([O-])C(C)(C)C.[K+],CCCC#N,P(C1=CC=CC=C1)(C2CCCCC2)C3=CC=CC=C3,150.0,105,<Enter Response>
126,O=C([O-])C(C)(C)C.[K+],CC1=CC=C(C)C=C1,P(C1=CC=CC=C1)(C2CCCCC2)C3=CC=CC=C3,263.1579,120,<Enter Response>
