,reagent_SMILES_index,solvent_SMILES_index,catalyst_one_SMILES_index,solvent_conc_index,temperature_index,yield
71,O=C([O-])C.[K+],CC1=CC=C(C)C=C1,C1(P(C2CCCCC2)C3CCCCC3)=CC=CC=C1C4=CC=CC=C4,98.039215,90,<Enter Response>
216,O=C([O-])C(C)(C)C.[Cs+],CC(N(C)C)=O,P(C1=CC=CC=C1)(C2CCCCC2)C3=CC=CC=C3,263.1579,120,<Enter Response>
260,O=C([O-])C(C)(C)C.[Cs+],CCCCOC(C)=O,P(C1=CC=CC=C1)(C2CCCCC2)C3=CC=CC=C3,98.039215,90,<Enter Response>
227,O=C([O-])C(C)(C)C.[Cs+],CC(N(C)C)=O,C1(P(C2CCCCC2)C3CCCCC3)=CC=CC=C1C4=CC=CC=C4,263.1579,90,<Enter Response>
0,O=C([O-])C.[K+],CC(N(C)C)=O,P(C1=CC=CC=C1)(C2CCCCC2)C3=CC=CC=C3,263.1579,120,<Enter Response>
251,O=C([O-])C(C)(C)C.[Cs+],CCCC#N,C1(P(C2CCCCC2)C3CCCCC3)=CC=CC=C1C4=CC=CC=C4,98.039215,90,<Enter Response>
134,O=C([O-])C(C)(C)C.[K+],CC1=CC=C(C)C=C1,P(C1=CC=CC=C1)(C2CCCCC2)C3=CC=CC=C3,98.039215,90,<Enter Response>
162,O=C([O-])C.[Cs+],CCCC#N,P(C1=CC=CC=C1)(C2CCCCC2)C3=CC=CC=C3,263.1579,120,<Enter Response>
