,REAGENT_0_SMILES_index,SOLVENT_0_SMILES_index,CATALYST_0_SMILES_index,solvent_conc_index,temperature_index,yield
204,O=C([O-])C.[Cs+],CC1=CC=C(C)C=C1,P(C1=CC=CC=C1)(C2CCCCC2)C3=CC=CC=C3,98.039215,120,<Enter Response>
258,O=C([O-])C.[K+],CCCCOC(C)=O,P(C1=CC=CC=C1)(C2CCCCC2)C3=CC=CC=C3,98.039215,120,<Enter Response>
168,O=C([O-])C.[Cs+],CCCC#N,P(C1=CC=CC=C1)(C2CCCCC2)C3=CC=CC=C3,98.039215,120,<Enter Response>
42,O=C([O-])C(C)(C)C.[Cs+],CCCCOC(C)=O,P(C1=CC=CC=C1)(C2CCCCC2)C3=CC=CC=C3,98.039215,120,<Enter Response>
186,O=C([O-])C.[Cs+],CCCCOC(C)=O,P(C1=CC=CC=C1)(C2CCCCC2)C3=CC=CC=C3,98.039215,120,<Enter Response>
188,O=C([O-])C.[Cs+],CCCCOC(C)=O,P(C1=CC=CC=C1)(C2CCCCC2)C3=CC=CC=C3,98.039215,90,<Enter Response>
180,O=C([O-])C.[Cs+],CCCCOC(C)=O,P(C1=CC=CC=C1)(C2CCCCC2)C3=CC=CC=C3,263.1579,120,<Enter Response>
